"","elpd_diff","se_diff","elpd_loo","se_elpd_loo","p_loo","se_p_loo","looic","se_looic"
"Model 1: mu ~ study * treatment + article + topicInvolvement + preAttitude + (1|PID)",0,0,-1556.24239485277,36.8833225298798,474.103176209813,14.3573708891957,3112.48478970554,73.7666450597596
"Model 0: mu ~ study * treatment + article + (1|PID)",-12.4986139480783,6.12624054194695,-1568.74100880085,36.5972757434151,492.472451416762,15.070181862761,3137.48201760169,73.1945514868302
