"","elpd_diff","se_diff","elpd_loo","se_elpd_loo","p_loo","se_p_loo","looic","se_looic"
"Model 0: treatment + article",0,0,971.242497929053,24.2749106209227,93.7038637201332,4.32665206667909,-1942.48499585811,48.5498212418454
"Model 1: treatment + article + topicInolvement + preAttitude",-0.269666412941895,2.057090886374,970.97283151611,24.202840513742,92.2192172434819,4.30162615244548,-1941.94566303222,48.405681027484
