"","Estimate","Est.Error","l-95% CI","u-95% CI","Rhat","Bulk_ESS","Tail_ESS"
"Intercept",-2.265575748,0.0530208561650917,-2.368941,-2.1602195,0.999968324971624,10870.8896791516,7374.3883494695
"Treatment [Categorize]",0.0297399894382725,0.062102636777972,-0.091893295,0.1504913,1.00026397634753,10195.5471739585,7040.50384881037
"Treatment [Draw]",-0.09478249664297,0.0612290524618958,-0.214563275,0.02445785,1.00098923080983,9318.1390314683,8112.43081240065
"Article [Drug use disorder]",0.09870848527276,0.0527560872937216,-0.007156314,0.20150135,1.00019242503029,14596.6693284015,8258.01399274819
"Article [Synthetic opioids]",0.4320650244,0.0526404387315055,0.326955575,0.534052875,1.00004034910866,14145.9118485134,8316.77445124457
"Topic involvement",0.0371340512843108,0.0280178687009724,-0.0174681,0.09212709,1.00019644765127,10053.9232268925,8254.70956026443
"Pre-Attitude",0.031192888803137,0.0282320318937248,-0.0235007775,0.087153785,1.0002175861536,10056.2035223999,8106.68511483333
