"","elpd_diff","se_diff","elpd_loo","se_elpd_loo","p_loo","se_p_loo","looic","se_looic"
"Model 1: treatment + topicInvolvement + articleInterest + articleRecommend + articleSurprise",0,0,-253.514763632131,14.9008832827453,10.0166322479977,1.35660321512541,507.029527264262,29.8017665654905
"Model 0: treatment",-2.86638079820824,3.53284855004638,-256.381144430339,14.7628854636393,6.46045180361943,1.51801934685959,512.762288860678,29.5257709272787
