"","elpd_diff","se_diff","elpd_loo","se_elpd_loo","p_loo","se_p_loo","looic","se_looic"
"Model 1: treatment + article + topicInolvement + preAttitude",0,0,1164.50577649085,34.3774817155316,139.690775062163,6.36652143924011,-2329.01155298171,68.7549634310632
"Model 0: treatment + article",-2.92492131602354,3.05657781788817,1161.58085517483,34.2845556884517,143.877452812791,6.53115664510684,-2323.16171034966,68.5691113769034
