"","elpd_diff","se_diff","elpd_loo","se_elpd_loo","p_loo","se_p_loo","looic","se_looic"
"Model 1: treatment + article + topicInolvement + preAttitude",0,0,-806.04485700197,23.2449463050802,237.507668627696,9.35024812671777,1612.08971400394,46.4898926101604
"Model 0: treatment + article",-7.65345560224014,4.49936809062606,-813.698312604211,23.0195546527922,248.118752731694,9.84263688962427,1627.39662520842,46.0391093055844
