"","treatment","mn",".lower",".upper",".width",".point",".interval","question","study"
"1","Categorize",0.422558899549952,0.295482783839385,0.544595647580512,0.95,"mean","hdi","opinion","Study 2"
"2","Control",0.370511823124549,0.254049820747739,0.492105410661237,0.95,"mean","hdi","opinion","Study 2"
"3","Draw",0.249013714272319,0.144361182787655,0.363943840834527,0.95,"mean","hdi","opinion","Study 2"
"4","Categorize",0.356810084458681,0.237058137133787,0.470320870757849,0.95,"mean","hdi","combat","Study 2"
"5","Control",0.296431563562164,0.191860642297579,0.398217834860682,0.95,"mean","hdi","combat","Study 2"
"6","Draw",0.163698429242603,0.065113416858799,0.262009026286977,0.95,"mean","hdi","combat","Study 2"
"7","Categorize",-0.281016378422886,-0.418391376564154,-0.143348096836409,0.95,"mean","hdi","legalize","Study 2"
"8","Control",-0.104974560674892,-0.224183207006174,0.0158668299147443,0.95,"mean","hdi","legalize","Study 2"
"9","Draw",-0.135712316553542,-0.261431535745536,-0.0123364650829588,0.95,"mean","hdi","legalize","Study 2"
