"","Estimate","Est.Error","l-95% CI","u-95% CI","Rhat","Bulk_ESS","Tail_ESS"
"Intercept",-2.384207041,0.0589837658039664,-2.49953225,-2.26880875,1.00144559970609,10398.4667907046,7979.86402497731
"Treatment [Categorize]",0.08043186710243,0.0745932273600201,-0.0648665675,0.227550175,0.999988587586682,8959.17200778322,7515.49220663116
"Treatment [Draw]",-0.09965672233066,0.074768020015527,-0.248969325,0.043383215,1.00031782315054,8971.26940238971,8524.8643869359
"Article [Drug use disorder]",-0.5868143945,0.0535470807418264,-0.69189075,-0.481095725,0.999961387211557,15300.9156900337,7850.1112289997
"Article [Synthetic opioids]",0.518648304,0.052862313665794,0.41585085,0.622010375,1.00015816516072,15361.0937430237,7888.78827995332
"Topic involvement",0.122889227113,0.0332654171253279,0.058299685,0.18902305,1.00033946018443,8862.12181433838,7993.25960324603
"Pre-Attitude",-0.067975967939518,0.0331565976210923,-0.131773225,-0.00235654700000001,1.00016686631395,8770.44157179446,8141.58733759028
