"","treatment","mn",".lower",".upper",".width",".point",".interval","question","study"
"1","Categorize",0.313487931973481,0.199197158493027,0.432744901422703,0.95,"mean","hdi","opinion","Study 1"
"2","Control",0.286701475671222,0.182131336413438,0.392309109145333,0.95,"mean","hdi","opinion","Study 1"
"3","Draw",0.310152298446945,0.183913351932339,0.423614121352757,0.95,"mean","hdi","opinion","Study 1"
"4","Categorize",0.199926418969914,0.0959451130681991,0.304483159670116,0.95,"mean","hdi","combat","Study 1"
"5","Control",0.12403902860735,0.0370662258606475,0.213609003002042,0.95,"mean","hdi","combat","Study 1"
"6","Draw",0.210083641405189,0.103597841214997,0.314177843560679,0.95,"mean","hdi","combat","Study 1"
"7","Categorize",-0.102439597228588,-0.206293309012571,-0.00120293119927133,0.95,"mean","hdi","legalize","Study 1"
"8","Control",-0.129174045033289,-0.223007897459557,-0.0280366190497757,0.95,"mean","hdi","legalize","Study 1"
"9","Draw",-0.192065684675434,-0.308530110804128,-0.0794970471890707,0.95,"mean","hdi","legalize","Study 1"
