"","contrast",".value",".lower",".upper",".width",".point",".interval","study"
"1","Categorize - Control",0.0101798854126722,-0.00839772113695679,0.0289885284415277,0.95,"median","hdi","Study 1"
"2","Draw - Categorize",-0.0218523568924326,-0.0401286819587234,-0.00262553939978631,0.95,"median","hdi","Study 1"
"3","Draw - Control",-0.0114630836753924,-0.0287373948485236,0.0051758384578854,0.95,"median","hdi","Study 1"
